{"cameraMode":{"drawMode":0,"name":"Shaded","section":"Shading Mode"},"sceneLighting":true,"audioPlay":false,"sceneViewState":{"m_AlwaysRefresh":false,"showFog":true,"showSkybox":false,"showFlares":true,"showImageEffects":true,"showParticleSystems":true,"showVisualEffectGraphs":true,"m_FxEnabled":true},"in2DMode":false,"pivot":{"x":-1.3054661750793458,"y":1.454880714416504,"z":-3.1595633029937746},"rotation":{"x":0.0023755631409585478,"y":0.09744008630514145,"z":0.00027146548382006586,"w":-0.9952839016914368},"size":0.9273618459701538,"orthographic":false}